sample_id	cell_line	cohort	truth_class	gene_a	gene_b	cytoband	source	notes
ERR9188549_Karpas1106P	Karpas-1106P	PMBL	confirmed	BCL6	IGH	t(3;14)(q27;q32)	DSMZ ACC-685; Lenz 2008 PNAS; Sourceforge BCL6 literature	Classic PMBL t(3;14)
ERR9128954_U2940	U2940	PMBL	confirmed	BCL6	IGH	t(3;14)(q27;q32)	DSMZ ACC-634; published karyotype	PMBL with BCL6 rearrangement to IGH
SRR1236466_OCI-Ly1_DLBCL_cell_line	OCI-Ly1	DLBCL_ABC	confirmed	IGH	BCL2	t(14;18)(q32;q21)	Mehra 2011; original Ontario Cancer Institute characterisation	t(14;18) IGH-BCL2
SRR1236467_NU-DHL-1_DLBCL_cell_line	NU-DHL-1	DLBCL	likely	BCL6	IGH	t(3;14)(q27;q32)	Saito 2009; partner IGH most cited but disputed	BCL6 rearrangement; IG partner not fully resolved in literature
SRR1236468_DB_DLBCL_cell_line	DB	DLBCL_GCB	confirmed	BCL6	IGH	t(3;14)(q27;q32)	ATCC CRL-2289; Ye 1995	BCL6 to IGH; also reported BCL6 to non-IG partners in some studies
SRR1236468_DB_DLBCL_cell_line__mychit	DB	DLBCL_GCB	likely	BCL6	MYC	t(3;8)	cohort-observation 2026-06-22	quasarsv surfaces a strong BCL6-MYC T1 call (SR=13 PE=38) — DH candidate, awaits literature confirmation
SRR1236468_DB_DLBCL_cell_line__bcl2hit	DB	DLBCL_GCB	likely	IGH	BCL2	t(14;18)	cohort-observation 2026-06-22	quasarsv surfaces a singleton-imprecise IGH x chr18-near-BCL2 PE=14 — second hit candidate
SRR1236469_NU-DUL-1_DLBCL_cell_line	NU-DUL-1	DLBCL	confirmed	MYC	IGH	t(8;14)(q24;q32)	Saito 2009	t(8;14) MYC-IGH
SRR1236470_OCI-Ly7_DLBCL_cell_line	OCI-Ly7	DLBCL_GCB	confirmed	MYC	IGH	t(8;14)(q24;q32)	Mehra 2011; OCI characterisation	t(8;14) MYC-IGH
SRR1236471_OCI-Ly3_DLBCL_cell_line	OCI-Ly3	DLBCL_ABC	none_expected	-	-	-	Mehra 2011; OCI characterisation	No canonical translocation; ABC DLBCL driven by NFkB activation (CD79B, MYD88)
SRR1236472_MD903_DLBCL_cell_line	MD903	DLBCL	confirmed	BCL6	IGH	t(3;14)(q27;q32)	cell-line characterisation	t(3;14) BCL6-IGH
SRR1236473_SU-DHL-9_DLBCL_cell_line	SU-DHL-9	DLBCL	confirmed	MYC	IGH	t(8;14)(q24;q32)	Epstein/Kaplan, original SU-DHL series	t(8;14); some references also note BCL2 status
SRR1236474_DOHH-2_DLBCL_cell_line	DOHH-2	tFL_DLBCL	confirmed	IGH	BCL2	t(14;18)(q32;q21)	Kluin-Nelemans 1991	t(14;18) IGH-BCL2; transformed FL line; CRAM arrived 2026-06-19 not yet scanned
SRR1236475_WSU-DLCL2_DLBCL_cell_line	WSU-DLCL2	DLBCL	confirmed	IGH	BCL2	t(14;18)(q32;q21)	Al-Katib 1989	t(14;18) IGH-BCL2; CRAM arrived 2026-06-19 not yet scanned
SRR1236476_SU-DHL-6_DLBCL_cell_line	SU-DHL-6	DH_DLBCL	confirmed	IGH	BCL2	t(14;18)(q32;q21)	Epstein/Kaplan SU-DHL series	DH-DLBCL: t(14;18) IGH-BCL2 + t(8;14) MYC-IGH; not yet scanned (gold standard)
SRR1236476_SU-DHL-6_DLBCL_cell_line__myc	SU-DHL-6	DH_DLBCL	confirmed	MYC	IGH	t(8;14)(q24;q32)	Epstein/Kaplan SU-DHL series	Second translocation in DH-DLBCL pair
SRR1236477_OCI-Ly19_DLBCL_cell_line	OCI-Ly19	DLBCL_ABC	confirmed	IGH	BCL2	t(14;18)(q32;q21)	OCI characterisation	t(14;18) IGH-BCL2; not yet scanned
SRR1236478_Karpas-422_DLBCL_cell_line	Karpas-422	DLBCL	confirmed	IGH	BCL2	t(14;18)(q32;q21)	Dyer 1990; DSMZ ACC-32	Classic t(14;18) gold standard; not yet scanned
DRR248583_TL-Om1_WGS	TL-Om1	ATLL	none_expected	-	-	-	Sugamura 1984; HTLV-1+	T-cell lineage; no canonical B-cell IG translocation expected
DRR248584_MT-2_WGS	MT-2	ATLL	none_expected	-	-	-	Miyoshi 1981; HTLV-1+	T-cell lineage; HTLV-1 transformed; no canonical B-cell IG translocation expected
ERR3196794_Sample_1	Sample_1	T-cell_NHL	none_expected	-	-	-	PRJEB31534 cohort	T-cell lymphoma; no canonical B-cell IG translocation expected
ERR3196796_Sample_1	Sample_1	T-cell_NHL	none_expected	-	-	-	PRJEB31534 cohort	T-cell lymphoma sample (replicate run); no canonical B-cell IG translocation expected
ERR3196797_Sample_2	Sample_2	T-cell_NHL	none_expected	-	-	-	PRJEB31534 cohort	T-cell lymphoma; no canonical B-cell IG translocation expected
ERR3196799_Sample_2	Sample_2	T-cell_NHL	none_expected	-	-	-	PRJEB31534 cohort	T-cell lymphoma sample (replicate run); no canonical B-cell IG translocation expected
SRR16382373_Human_sample_from_Homo_sapiens	Immunodef_NHL_1	Immunodef_NHL	driver_focal	PDL2	-	9p24.1	PRJNA772081 cohort	PDL2/PDL1/JAK2 9p24.1 amplification / rearrangement expected
SRR16382375_Human_sample_from_Homo_sapiens	Immunodef_NHL_2	Immunodef_NHL	driver_focal	PDL2	-	9p24.1	PRJNA772081 cohort	PDL2/PDL1/JAK2 9p24.1 amplification / rearrangement expected
SRR16382376_Human_sample_from_Homo_sapiens	Immunodef_NHL_3	Immunodef_NHL	likely	-	-	-	PRJNA772081 cohort	Not yet scanned; truth to be confirmed
SRR16382377_Human_sample_from_Homo_sapiens	Immunodef_NHL_4	Immunodef_NHL	likely	-	-	-	PRJNA772081 cohort	Not yet scanned
SRR16382378_Human_sample_from_Homo_sapiens	Immunodef_NHL_5	Immunodef_NHL	likely	-	-	-	PRJNA772081 cohort	Not yet scanned
SRR16382379_Human_sample_from_Homo_sapiens	Immunodef_NHL_6	Immunodef_NHL	likely	-	-	-	PRJNA772081 cohort	Not yet scanned
